"","station","year","month","v"
"1","T0N108W","1982","all",24.83
"2","T0N108W","1983","all",20.79
"3","T0N108W","1984","all",22.85
"4","T0N108W","1985","all",23.07
"5","T0N110W","1980","all",22.555
"6","T0N110W","1981","all",23.09
"7","T0N110W","1982","all",25.895
"8","T0N110W","1983","all",27.22
"9","T0N110W","1984","all",22.55
"10","T0N110W","1985","all",22.17
"11","T0N110W","1986","all",23.48
"12","T0N110W","1987","all",25.025
"13","T0N110W","1988","all",21.165
"14","T0N110W","1989","all",22.67
"15","T0N110W","1990","all",25.02
"16","T0N110W","1991","all",24.66
"17","T0N110W","1992","all",23.53
"18","T0N110W","1993","all",23.16
"19","T0N110W","1994","all",23.16
"20","T0N110W","1995","all",24.08
"21","T0N110W","1996","all",21.78
"22","T0N110W","1997","all",26.67
"23","T0N110W","1998","all",27.42
"24","T0N110W","1999","all",22.185
"25","T0N110W","2000","all",23
"26","T0N110W","2001","all",22.705
"27","T0N110W","2002","all",24.78
"28","T0N110W","2003","all",24.08
"29","T0N110W","2004","all",23.34
"30","T0N110W","2005","all",23.13
"31","T0N110W","2006","all",24.64
"32","T0N110W","2007","all",22.89
"33","T0N110W","2008","all",23.42
"34","T0N110W","2009","all",23.51
"35","T0N110W","2010","all",22.655
"36","T0N110W","2011","all",21.16
"37","T0N110W","2012","all",25.87
"38","T0N110W","2013","all",22.775
"39","T0N110W","2014","all",24.44
"40","T0N110W","2015","all",26.28
"41","T0N125W","1983","all",22.06
"42","T0N125W","1984","all",23.1
"43","T0N125W","1985","all",24.03
"44","T0N125W","1987","all",25.01
"45","T0N125W","1988","all",22.32
"46","T0N125W","1989","all",22.86
"47","T0N125W","1990","all",24.26
"48","T0N125W","1991","all",25.57
"49","T0N125W","1992","all",24.9
"50","T0N125W","1993","all",24.76
"51","T0N125W","1994","all",24.95
"52","T0N125W","1995","all",24.5
"53","T0N125W","1996","all",24.37
"54","T0N125W","1997","all",27.12
"55","T0N125W","1998","all",23.325
"56","T0N125W","1999","all",23.5
"57","T0N125W","2000","all",23.82
"58","T0N125W","2001","all",24.685
"59","T0N125W","2002","all",25.725
"60","T0N125W","2003","all",24.92
"61","T0N125W","2004","all",24.75
"62","T0N125W","2005","all",24.14
"63","T0N125W","2006","all",25
"64","T0N125W","2007","all",24.31
"65","T0N125W","2008","all",24.295
"66","T0N125W","2009","all",25.2
"67","T0N125W","2010","all",22.91
"68","T0N125W","2011","all",23.85
"69","T0N125W","2012","all",25.77
"70","T0N125W","2014","all",25.04
"71","T0N125W","2015","all",27.13
"72","T0N140W","1983","all",23.76
"73","T0N140W","1984","all",24.81
"74","T0N140W","1985","all",25.42
"75","T0N140W","1986","all",26.39
"76","T0N140W","1987","all",26.9
"77","T0N140W","1988","all",23.935
"78","T0N140W","1989","all",24.96
"79","T0N140W","1990","all",25.995
"80","T0N140W","1991","all",26.645
"81","T0N140W","1992","all",25.56
"82","T0N140W","1993","all",25.63
"83","T0N140W","1994","all",25.99
"84","T0N140W","1995","all",25.42
"85","T0N140W","1996","all",24.74
"86","T0N140W","1997","all",27.89
"87","T0N140W","1998","all",23.8
"88","T0N140W","1999","all",24.05
"89","T0N140W","2000","all",24.95
"90","T0N140W","2001","all",25.51
"91","T0N140W","2002","all",26.46
"92","T0N140W","2003","all",25.945
"93","T0N140W","2004","all",26.005
"94","T0N140W","2005","all",25.67
"95","T0N140W","2006","all",26.095
"96","T0N140W","2007","all",25.005
"97","T0N140W","2008","all",25.2
"98","T0N140W","2009","all",26.38
"99","T0N140W","2010","all",24.4
"100","T0N140W","2011","all",24.79
"101","T0N140W","2012","all",25.815
"102","T0N140W","2013","all",25.99
"103","T0N140W","2014","all",25.98
"104","T0N140W","2015","all",27.64
"105","T0N152W","1979","all",27.06
"106","T0N152W","1980","all",26.67
"107","T0N155W","1991","all",27.71
"108","T0N155W","1992","all",27.16
"109","T0N155W","1993","all",26.97
"110","T0N155W","1994","all",27.24
"111","T0N155W","1995","all",26.77
"112","T0N155W","1996","all",25.97
"113","T0N155W","1997","all",27.77
"114","T0N155W","1998","all",26.19
"115","T0N155W","1999","all",25.52
"116","T0N155W","2000","all",26.23
"117","T0N155W","2001","all",26.5
"118","T0N155W","2002","all",27.93
"119","T0N155W","2003","all",27.13
"120","T0N155W","2004","all",27.315
"121","T0N155W","2005","all",26.7
"122","T0N155W","2006","all",27.275
"123","T0N155W","2007","all",26.51
"124","T0N155W","2008","all",26.08
"125","T0N155W","2009","all",27.42
"126","T0N155W","2010","all",25.82
"127","T0N155W","2011","all",25.64
"128","T0N155W","2012","all",25.88
"129","T0N155W","2013","all",26.2
"130","T0N155W","2014","all",26.74
"131","T0N155W","2015","all",28.33
"132","T0N165E","1986","all",28.48
"133","T0N165E","1987","all",28.19
"134","T0N165E","1988","all",27.69
"135","T0N165E","1989","all",27.84
"136","T0N165E","1990","all",28.41
"137","T0N165E","1991","all",28.33
"138","T0N165E","1992","all",28.13
"139","T0N165E","1993","all",27.92
"140","T0N165E","1994","all",28.44
"141","T0N165E","1996","all",28.15
"142","T0N165E","1997","all",28.3
"143","T0N165E","1998","all",27.245
"144","T0N165E","1999","all",28.025
"145","T0N165E","2000","all",27.915
"146","T0N165E","2001","all",28.335
"147","T0N165E","2002","all",28.38
"148","T0N165E","2003","all",29.19
"149","T0N165E","2004","all",28.765
"150","T0N165E","2005","all",28.94
"151","T0N165E","2006","all",28.49
"152","T0N165E","2007","all",28.685
"153","T0N165E","2008","all",27.58
"154","T0N165E","2009","all",28.36
"155","T0N165E","2010","all",27.85
"156","T0N165E","2011","all",28.025
"157","T0N165E","2012","all",28.31
"158","T0N165E","2013","all",28.99
"159","T0N165E","2014","all",29.5
"160","T0N165E","2015","all",28.71
"161","T0N170E","1992","all",28.45
"162","T0N170E","1993","all",27.77
"163","T0N170W","1988","all",26.265
"164","T0N170W","1989","all",26.85
"165","T0N170W","1990","all",27.9
"166","T0N170W","1991","all",27.58
"167","T0N170W","1992","all",27.51
"168","T0N170W","1993","all",28.07
"169","T0N170W","1994","all",28.38
"170","T0N170W","1995","all",27.42
"171","T0N170W","1996","all",26.89
"172","T0N170W","1997","all",28.23
"173","T0N170W","1998","all",26.74
"174","T0N170W","1999","all",26.41
"175","T0N170W","2000","all",26.83
"176","T0N170W","2001","all",27.675
"177","T0N170W","2002","all",28.83
"178","T0N170W","2003","all",28.005
"179","T0N170W","2004","all",28.22
"180","T0N170W","2005","all",27.84
"181","T0N170W","2006","all",28.01
"182","T0N170W","2007","all",27.24
"183","T0N170W","2008","all",26.67
"184","T0N170W","2009","all",28.12
"185","T0N170W","2010","all",27.11
"186","T0N170W","2011","all",26.91
"187","T0N170W","2012","all",27.495
"188","T0N170W","2013","all",27.26
"189","T0N170W","2014","all",28.025
"190","T0N170W","2015","all",28.7
"191","T0N176W","1986","all",28.1
"192","T0N176W","1989","all",27.41
"193","T0N180W","1993","all",28.68
"194","T0N180W","1994","all",28.39
"195","T0N180W","1995","all",28.04
"196","T0N180W","1996","all",27.365
"197","T0N180W","1997","all",28.15
"198","T0N180W","1998","all",27.515
"199","T0N180W","1999","all",27.09
"200","T0N180W","2000","all",27.5
"201","T0N180W","2001","all",28.005
"202","T0N180W","2002","all",28.5
"203","T0N180W","2003","all",28.5
"204","T0N180W","2004","all",28.81
"205","T0N180W","2005","all",28.47
"206","T0N180W","2006","all",28.91
"207","T0N180W","2007","all",27.65
"208","T0N180W","2008","all",27.18
"209","T0N180W","2009","all",27.78
"210","T0N180W","2010","all",27.68
"211","T0N180W","2011","all",27.375
"212","T0N180W","2012","all",27.98
"213","T0N180W","2013","all",27.89
"214","T0N180W","2014","all",28.48
"215","T0N180W","2015","all",28.79
"216","T0N95W","1992","all",21.37
"217","T0N95W","1993","all",23.2
"218","T0N95W","1994","all",22.28
"219","T0N95W","1995","all",21.66
"220","T0N95W","1996","all",21.07
"221","T0N95W","1997","all",25.95
"222","T0N95W","1998","all",26.31
"223","T0N95W","1999","all",22.15
"224","T0N95W","2000","all",22.18
"225","T0N95W","2001","all",23.61
"226","T0N95W","2002","all",23.48
"227","T0N95W","2003","all",22.66
"228","T0N95W","2004","all",24.22
"229","T0N95W","2005","all",22.67
"230","T0N95W","2006","all",23.37
"231","T0N95W","2007","all",23.905
"232","T0N95W","2008","all",22.66
"233","T0N95W","2009","all",24.7
"234","T0N95W","2010","all",20.28
"235","T0N95W","2011","all",23.21
"236","T0N95W","2012","all",26
"237","T0N95W","2013","all",21.64
"238","T0N95W","2014","all",22.3
"239","T0N95W","2015","all",26.86
"240","T10N95W","1999","all",25.725
"241","T10N95W","2000","all",26.95
"242","T10N95W","2001","all",27.34
"243","T10N95W","2002","all",27.575
"244","T10N95W","2003","all",27.42
"245","T12N95W","1999","all",24.815
"246","T12N95W","2000","all",27.22
"247","T12N95W","2001","all",27.63
"248","T12N95W","2002","all",27.945
"249","T12N95W","2003","all",27.905
"250","T1N153W","1980","all",27.04
"251","T1S153W","1980","all",27.315
"252","T1S167E","1986","all",27.775
"253","T1S167E","1987","all",27.81
"254","T1S167E","1988","all",27.495
"255","T1S167E","1989","all",27.305
"256","T2N110W","1986","all",24.31
"257","T2N110W","1987","all",26.05
"258","T2N110W","1988","all",22.84
"259","T2N110W","1989","all",23.67
"260","T2N110W","1990","all",24.56
"261","T2N110W","1991","all",25.77
"262","T2N110W","1992","all",26.28
"263","T2N110W","1993","all",24.57
"264","T2N110W","1994","all",24.89
"265","T2N110W","1995","all",25.45
"266","T2N110W","1996","all",24.83
"267","T2N110W","1997","all",27.27
"268","T2N110W","1998","all",26.16
"269","T2N110W","1999","all",24.48
"270","T2N110W","2000","all",24.415
"271","T2N110W","2001","all",23.95
"272","T2N110W","2002","all",25.51
"273","T2N110W","2003","all",24.81
"274","T2N110W","2004","all",24.68
"275","T2N110W","2005","all",24.98
"276","T2N110W","2006","all",25.65
"277","T2N110W","2007","all",23.54
"278","T2N110W","2008","all",25.15
"279","T2N110W","2009","all",25.41
"280","T2N110W","2010","all",25.46
"281","T2N110W","2011","all",24.26
"282","T2N110W","2012","all",25.2
"283","T2N110W","2013","all",24.03
"284","T2N110W","2014","all",25.315
"285","T2N110W","2015","all",26.86
"286","T2N125W","1991","all",25.94
"287","T2N125W","1992","all",26.54
"288","T2N125W","1993","all",25.65
"289","T2N125W","1994","all",25.49
"290","T2N125W","1995","all",25.16
"291","T2N125W","1996","all",25
"292","T2N125W","1997","all",27.58
"293","T2N125W","1998","all",26.48
"294","T2N125W","1999","all",24.255
"295","T2N125W","2000","all",24.88
"296","T2N125W","2001","all",26.5
"297","T2N125W","2002","all",25.995
"298","T2N125W","2003","all",25.72
"299","T2N125W","2004","all",25.49
"300","T2N125W","2005","all",25.49
"301","T2N125W","2006","all",25.87
"302","T2N125W","2007","all",25.32
"303","T2N125W","2008","all",25.19
"304","T2N125W","2009","all",26.07
"305","T2N125W","2010","all",26.47
"306","T2N125W","2011","all",25.21
"307","T2N125W","2012","all",26.62
"308","T2N125W","2014","all",25.6
"309","T2N125W","2015","all",27.6
"310","T2N140W","1987","all",27.34
"311","T2N140W","1988","all",24.785
"312","T2N140W","1989","all",24.63
"313","T2N140W","1990","all",25.57
"314","T2N140W","1991","all",27.1
"315","T2N140W","1992","all",27.005
"316","T2N140W","1993","all",26.32
"317","T2N140W","1994","all",26.66
"318","T2N140W","1995","all",25.96
"319","T2N140W","1996","all",25.17
"320","T2N140W","1997","all",27.57
"321","T2N140W","1998","all",25.61
"322","T2N140W","1999","all",25.41
"323","T2N140W","2000","all",25.62
"324","T2N140W","2001","all",25.965
"325","T2N140W","2002","all",27.02
"326","T2N140W","2003","all",26.61
"327","T2N140W","2004","all",26.34
"328","T2N140W","2005","all",26.46
"329","T2N140W","2006","all",26.59
"330","T2N140W","2007","all",25.87
"331","T2N140W","2008","all",25.055
"332","T2N140W","2009","all",26.32
"333","T2N140W","2010","all",25.53
"334","T2N140W","2011","all",25.22
"335","T2N140W","2012","all",25.705
"336","T2N140W","2014","all",26.41
"337","T2N140W","2015","all",27.915
"338","T2N155W","1991","all",27.85
"339","T2N155W","1992","all",27.1
"340","T2N155W","1993","all",27.03
"341","T2N155W","1994","all",27.22
"342","T2N155W","1995","all",27.23
"343","T2N155W","1996","all",26.33
"344","T2N155W","1997","all",28.06
"345","T2N155W","1998","all",27.28
"346","T2N155W","1999","all",25.76
"347","T2N155W","2000","all",26.29
"348","T2N155W","2001","all",26.96
"349","T2N155W","2002","all",27.96
"350","T2N155W","2003","all",27.21
"351","T2N155W","2004","all",27.37
"352","T2N155W","2005","all",27.055
"353","T2N155W","2006","all",27.57
"354","T2N155W","2007","all",26.93
"355","T2N155W","2008","all",26.355
"356","T2N155W","2009","all",27.93
"357","T2N155W","2010","all",27.06
"358","T2N155W","2011","all",26.04
"359","T2N155W","2012","all",26.94
"360","T2N155W","2013","all",26.67
"361","T2N155W","2014","all",27.56
"362","T2N155W","2015","all",28.345
"363","T2N157W","1985","all",26.85
"364","T2N157W","1986","all",27.48
"365","T2N157W","1987","all",28.05
"366","T2N157W","1988","all",25.95
"367","T2N157W","1989","all",26.645
"368","T2N157W","1990","all",27.12
"369","T2N165E","1986","all",28.17
"370","T2N165E","1987","all",28.19
"371","T2N165E","1988","all",28.03
"372","T2N165E","1989","all",28.09
"373","T2N165E","1990","all",28.61
"374","T2N165E","1991","all",28.75
"375","T2N165E","1992","all",28.58
"376","T2N165E","1993","all",28.04
"377","T2N165E","1994","all",28.42
"378","T2N165E","1995","all",28.48
"379","T2N165E","1996","all",28.16
"380","T2N165E","1997","all",28.35
"381","T2N165E","1998","all",27.93
"382","T2N165E","1999","all",27.97
"383","T2N165E","2000","all",28.405
"384","T2N165E","2001","all",28.45
"385","T2N165E","2002","all",28.29
"386","T2N165E","2003","all",28.8
"387","T2N165E","2004","all",28.71
"388","T2N165E","2005","all",28.7
"389","T2N165E","2006","all",28.31
"390","T2N165E","2007","all",27.98
"391","T2N165E","2008","all",28
"392","T2N165E","2009","all",28.35
"393","T2N165E","2010","all",28.15
"394","T2N165E","2011","all",28.2
"395","T2N165E","2012","all",28.255
"396","T2N165E","2013","all",28.66
"397","T2N165E","2014","all",28.65
"398","T2N165E","2015","all",28.44
"399","T2N170W","1992","all",27.77
"400","T2N170W","1993","all",28.09
"401","T2N170W","1994","all",28.37
"402","T2N170W","1995","all",27.67
"403","T2N170W","1996","all",27.34
"404","T2N170W","1997","all",28.32
"405","T2N170W","1998","all",27.12
"406","T2N170W","1999","all",27.22
"407","T2N170W","2000","all",26.86
"408","T2N170W","2001","all",27.61
"409","T2N170W","2002","all",28.63
"410","T2N170W","2003","all",28.205
"411","T2N170W","2004","all",28.225
"412","T2N170W","2005","all",28.09
"413","T2N170W","2006","all",28.56
"414","T2N170W","2007","all",27.62
"415","T2N170W","2008","all",27.285
"416","T2N170W","2009","all",28.56
"417","T2N170W","2010","all",27.21
"418","T2N170W","2011","all",27.03
"419","T2N170W","2012","all",27.545
"420","T2N170W","2013","all",27.445
"421","T2N170W","2014","all",28.255
"422","T2N170W","2015","all",28.56
"423","T2N180W","1993","all",28.32
"424","T2N180W","1994","all",28.105
"425","T2N180W","1995","all",28.3
"426","T2N180W","1996","all",27.65
"427","T2N180W","1997","all",28.18
"428","T2N180W","1998","all",27.58
"429","T2N180W","1999","all",27.19
"430","T2N180W","2000","all",27.53
"431","T2N180W","2001","all",28.075
"432","T2N180W","2002","all",28.47
"433","T2N180W","2003","all",28.48
"434","T2N180W","2004","all",28.61
"435","T2N180W","2005","all",28.55
"436","T2N180W","2006","all",28.395
"437","T2N180W","2007","all",27.69
"438","T2N180W","2008","all",26.95
"439","T2N180W","2009","all",28.03
"440","T2N180W","2010","all",28.04
"441","T2N180W","2011","all",27.63
"442","T2N180W","2012","all",28.365
"443","T2N180W","2013","all",27.97
"444","T2N180W","2014","all",28.38
"445","T2N180W","2015","all",28.1
"446","T2N95W","1992","all",23.98
"447","T2N95W","1993","all",25.41
"448","T2N95W","1994","all",24.31
"449","T2N95W","1995","all",25.35
"450","T2N95W","1996","all",24.73
"451","T2N95W","1997","all",27.02
"452","T2N95W","1998","all",28.55
"453","T2N95W","1999","all",22.91
"454","T2N95W","2000","all",23.895
"455","T2N95W","2001","all",23.55
"456","T2N95W","2002","all",25.185
"457","T2N95W","2003","all",24.59
"458","T2N95W","2004","all",25.1
"459","T2N95W","2005","all",23.72
"460","T2N95W","2006","all",25.2
"461","T2N95W","2007","all",25.52
"462","T2N95W","2008","all",24.695
"463","T2N95W","2009","all",26.59
"464","T2N95W","2010","all",24.94
"465","T2N95W","2011","all",23.86
"466","T2N95W","2012","all",25.695
"467","T2N95W","2013","all",27.23
"468","T2N95W","2014","all",24.24
"469","T2N95W","2015","all",26.9
"470","T2S110W","1986","all",23.935
"471","T2S110W","1987","all",26.15
"472","T2S110W","1988","all",22.21
"473","T2S110W","1989","all",23.15
"474","T2S110W","1990","all",23.69
"475","T2S110W","1991","all",24.83
"476","T2S110W","1992","all",24.28
"477","T2S110W","1993","all",24.35
"478","T2S110W","1994","all",24.59
"479","T2S110W","1995","all",24.79
"480","T2S110W","1996","all",23.76
"481","T2S110W","1997","all",26.6
"482","T2S110W","1998","all",24.58
"483","T2S110W","1999","all",23.08
"484","T2S110W","2000","all",23.14
"485","T2S110W","2001","all",23.105
"486","T2S110W","2002","all",24.89
"487","T2S110W","2003","all",24.92
"488","T2S110W","2004","all",24.59
"489","T2S110W","2005","all",24.76
"490","T2S110W","2006","all",24.22
"491","T2S110W","2007","all",21.54
"492","T2S110W","2008","all",24.72
"493","T2S110W","2009","all",25.49
"494","T2S110W","2010","all",21.955
"495","T2S110W","2011","all",23.74
"496","T2S110W","2012","all",26.205
"497","T2S110W","2014","all",24.49
"498","T2S110W","2015","all",26.25
"499","T2S125W","1991","all",26.17
"500","T2S125W","1992","all",25.99
"501","T2S125W","1993","all",25.34
"502","T2S125W","1994","all",25.46
"503","T2S125W","1995","all",24.96
"504","T2S125W","1996","all",25.19
"505","T2S125W","1997","all",27.71
"506","T2S125W","1998","all",25.06
"507","T2S125W","1999","all",23.94
"508","T2S125W","2000","all",24.02
"509","T2S125W","2001","all",24.66
"510","T2S125W","2002","all",26.855
"511","T2S125W","2003","all",25.48
"512","T2S125W","2004","all",25.295
"513","T2S125W","2005","all",25.57
"514","T2S125W","2006","all",25.49
"515","T2S125W","2007","all",24.76
"516","T2S125W","2008","all",24.98
"517","T2S125W","2009","all",25.89
"518","T2S125W","2010","all",24.82
"519","T2S125W","2011","all",24.37
"520","T2S125W","2012","all",26.205
"521","T2S125W","2014","all",25.39
"522","T2S125W","2015","all",27.255
"523","T2S140W","1986","all",26.66
"524","T2S140W","1987","all",27.47
"525","T2S140W","1988","all",25.065
"526","T2S140W","1989","all",25.93
"527","T2S140W","1990","all",26.11
"528","T2S140W","1991","all",27.375
"529","T2S140W","1992","all",27.41
"530","T2S140W","1993","all",26.46
"531","T2S140W","1994","all",26.53
"532","T2S140W","1995","all",26.02
"533","T2S140W","1996","all",25.54
"534","T2S140W","1997","all",27.99
"535","T2S140W","1998","all",25.15
"536","T2S140W","1999","all",24.8
"537","T2S140W","2000","all",25.71
"538","T2S140W","2001","all",25.88
"539","T2S140W","2002","all",27.17
"540","T2S140W","2003","all",26.515
"541","T2S140W","2004","all",26.585
"542","T2S140W","2005","all",26.26
"543","T2S140W","2006","all",26.67
"544","T2S140W","2007","all",26.08
"545","T2S140W","2008","all",25.52
"546","T2S140W","2009","all",26.95
"547","T2S140W","2010","all",25.44
"548","T2S140W","2011","all",25.57
"549","T2S140W","2012","all",26.45
"550","T2S140W","2013","all",26.08
"551","T2S140W","2014","all",26.42
"552","T2S140W","2015","all",27.9
"553","T2S155W","1991","all",27.9
"554","T2S155W","1992","all",28
"555","T2S155W","1993","all",27.61
"556","T2S155W","1994","all",27.74
"557","T2S155W","1995","all",26.8
"558","T2S155W","1996","all",26.67
"559","T2S155W","1997","all",28.37
"560","T2S155W","1998","all",26.52
"561","T2S155W","1999","all",26.05
"562","T2S155W","2000","all",26.59
"563","T2S155W","2001","all",26.79
"564","T2S155W","2002","all",27.85
"565","T2S155W","2003","all",27.455
"566","T2S155W","2004","all",27.46
"567","T2S155W","2005","all",27.18
"568","T2S155W","2006","all",27.58
"569","T2S155W","2007","all",27.11
"570","T2S155W","2008","all",26.845
"571","T2S155W","2009","all",27.695
"572","T2S155W","2010","all",26.66
"573","T2S155W","2011","all",26.4
"574","T2S155W","2012","all",27.105
"575","T2S155W","2014","all",27.49
"576","T2S155W","2015","all",28.49
"577","T2S165E","1986","all",28.41
"578","T2S165E","1987","all",28.32
"579","T2S165E","1988","all",27.93
"580","T2S165E","1989","all",28.19
"581","T2S165E","1990","all",28.595
"582","T2S165E","1991","all",28.01
"583","T2S165E","1992","all",28.12
"584","T2S165E","1993","all",28.12
"585","T2S165E","1994","all",28.77
"586","T2S165E","1995","all",28.41
"587","T2S165E","1996","all",28.49
"588","T2S165E","1997","all",28.53
"589","T2S165E","1998","all",28.54
"590","T2S165E","1999","all",28.31
"591","T2S165E","2000","all",28.295
"592","T2S165E","2001","all",28.605
"593","T2S165E","2002","all",28.65
"594","T2S165E","2003","all",29.09
"595","T2S165E","2004","all",28.83
"596","T2S165E","2005","all",29
"597","T2S165E","2006","all",28.395
"598","T2S165E","2007","all",28.96
"599","T2S165E","2008","all",28.29
"600","T2S165E","2009","all",28.65
"601","T2S165E","2010","all",28.16
"602","T2S165E","2011","all",28.33
"603","T2S165E","2012","all",27.91
"604","T2S165E","2013","all",29.115
"605","T2S165E","2014","all",28.85
"606","T2S165E","2015","all",28.62
"607","T2S170W","1992","all",28.2
"608","T2S170W","1993","all",28.28
"609","T2S170W","1994","all",28.53
"610","T2S170W","1995","all",27.86
"611","T2S170W","1996","all",27.57
"612","T2S170W","1997","all",28.325
"613","T2S170W","1998","all",27.81
"614","T2S170W","1999","all",26.86
"615","T2S170W","2000","all",26.935
"616","T2S170W","2001","all",27.97
"617","T2S170W","2002","all",28.99
"618","T2S170W","2003","all",28.345
"619","T2S170W","2004","all",28.46
"620","T2S170W","2005","all",28.04
"621","T2S170W","2006","all",28.33
"622","T2S170W","2007","all",28.17
"623","T2S170W","2008","all",27.36
"624","T2S170W","2009","all",28.315
"625","T2S170W","2010","all",27.53
"626","T2S170W","2011","all",27.26
"627","T2S170W","2012","all",27.57
"628","T2S170W","2013","all",27.24
"629","T2S170W","2014","all",27.575
"630","T2S170W","2015","all",28.99
"631","T2S180W","1993","all",28.63
"632","T2S180W","1994","all",28.75
"633","T2S180W","1995","all",28.31
"634","T2S180W","1996","all",27.96
"635","T2S180W","1997","all",28.4
"636","T2S180W","1998","all",28
"637","T2S180W","1999","all",27.29
"638","T2S180W","2000","all",27.66
"639","T2S180W","2001","all",28.32
"640","T2S180W","2002","all",29.1
"641","T2S180W","2003","all",28.665
"642","T2S180W","2004","all",28.93
"643","T2S180W","2005","all",28.58
"644","T2S180W","2006","all",28.53
"645","T2S180W","2007","all",28.2
"646","T2S180W","2008","all",27.57
"647","T2S180W","2009","all",28.32
"648","T2S180W","2010","all",27.75
"649","T2S180W","2011","all",27.66
"650","T2S180W","2012","all",27.85
"651","T2S180W","2013","all",27.73
"652","T2S180W","2014","all",28.405
"653","T2S180W","2015","all",28.795
"654","T2S95W","1992","all",22.03
"655","T2S95W","1993","all",23.81
"656","T2S95W","1994","all",23.85
"657","T2S95W","1995","all",22.09
"658","T2S95W","1996","all",21.74
"659","T2S95W","1997","all",25.32
"660","T2S95W","1998","all",24.52
"661","T2S95W","1999","all",25.11
"662","T2S95W","2000","all",24.22
"663","T2S95W","2001","all",22.24
"664","T2S95W","2002","all",23.67
"665","T2S95W","2003","all",23.285
"666","T2S95W","2004","all",23.27
"667","T2S95W","2005","all",24.43
"668","T2S95W","2006","all",24.33
"669","T2S95W","2007","all",21.36
"670","T2S95W","2008","all",25.32
"671","T2S95W","2009","all",25.17
"672","T2S95W","2010","all",22.17
"673","T2S95W","2011","all",25.49
"674","T2S95W","2012","all",26.21
"675","T2S95W","2013","all",21.39
"676","T2S95W","2014","all",23.45
"677","T2S95W","2015","all",22.12
"678","T5N110W","1986","all",25.78
"679","T5N110W","1987","all",26.86
"680","T5N110W","1988","all",24.57
"681","T5N110W","1989","all",25.21
"682","T5N110W","1990","all",25.76
"683","T5N110W","1991","all",26.17
"684","T5N110W","1992","all",25.95
"685","T5N110W","1993","all",26.21
"686","T5N110W","1994","all",26.29
"687","T5N110W","1995","all",25.25
"688","T5N110W","1996","all",25.34
"689","T5N110W","1997","all",26.92
"690","T5N110W","1998","all",26.23
"691","T5N110W","1999","all",25.22
"692","T5N110W","2000","all",25.55
"693","T5N110W","2001","all",26.215
"694","T5N110W","2002","all",26.655
"695","T5N110W","2003","all",25.87
"696","T5N110W","2004","all",25.85
"697","T5N110W","2005","all",25.9
"698","T5N110W","2006","all",26.12
"699","T5N110W","2007","all",25.245
"700","T5N110W","2008","all",25.9
"701","T5N110W","2009","all",26.47
"702","T5N110W","2010","all",24.95
"703","T5N110W","2011","all",25.84
"704","T5N110W","2012","all",26.18
"705","T5N110W","2013","all",26
"706","T5N110W","2014","all",25.97
"707","T5N110W","2015","all",27.47
"708","T5N125W","1991","all",26.52
"709","T5N125W","1992","all",27.25
"710","T5N125W","1993","all",26.62
"711","T5N125W","1994","all",26.48
"712","T5N125W","1995","all",25.68
"713","T5N125W","1996","all",26.02
"714","T5N125W","1997","all",27.28
"715","T5N125W","1998","all",26.46
"716","T5N125W","2001","all",25.42
"717","T5N125W","2002","all",26.94
"718","T5N125W","2003","all",26.46
"719","T5N125W","2004","all",26.61
"720","T5N125W","2005","all",26.5
"721","T5N125W","2006","all",26.65
"722","T5N125W","2007","all",25.92
"723","T5N125W","2008","all",26.01
"724","T5N125W","2009","all",27.01
"725","T5N125W","2010","all",25.95
"726","T5N125W","2011","all",25.58
"727","T5N125W","2012","all",26.455
"728","T5N125W","2013","all",26.19
"729","T5N125W","2014","all",26.59
"730","T5N125W","2015","all",27.48
"731","T5N140W","1988","all",25.39
"732","T5N140W","1989","all",25.78
"733","T5N140W","1990","all",26.69
"734","T5N140W","1991","all",27.37
"735","T5N140W","1992","all",27.21
"736","T5N140W","1993","all",26.96
"737","T5N140W","1994","all",27.11
"738","T5N140W","1995","all",26.59
"739","T5N140W","1996","all",26.45
"740","T5N140W","1997","all",27.25
"741","T5N140W","1998","all",26.745
"742","T5N140W","1999","all",25.58
"743","T5N140W","2000","all",26.095
"744","T5N140W","2001","all",26.68
"745","T5N140W","2002","all",27.18
"746","T5N140W","2003","all",27.22
"747","T5N140W","2004","all",27.29
"748","T5N140W","2005","all",26.89
"749","T5N140W","2006","all",26.92
"750","T5N140W","2007","all",26.29
"751","T5N140W","2008","all",26.15
"752","T5N140W","2009","all",27.37
"753","T5N140W","2010","all",26.42
"754","T5N140W","2011","all",25.865
"755","T5N140W","2012","all",26.425
"756","T5N140W","2013","all",26.49
"757","T5N140W","2015","all",27.9
"758","T5N155W","1991","all",27.94
"759","T5N155W","1992","all",27.62
"760","T5N155W","1993","all",27.53
"761","T5N155W","1994","all",27.61
"762","T5N155W","1995","all",27.19
"763","T5N155W","1996","all",26.91
"764","T5N155W","1997","all",27.55
"765","T5N155W","1998","all",26.95
"766","T5N155W","1999","all",26.43
"767","T5N155W","2000","all",26.735
"768","T5N155W","2001","all",27.07
"769","T5N155W","2002","all",27.67
"770","T5N155W","2003","all",27.475
"771","T5N155W","2004","all",27.61
"772","T5N155W","2005","all",27.49
"773","T5N155W","2006","all",27.34
"774","T5N155W","2007","all",27.225
"775","T5N155W","2008","all",26.56
"776","T5N155W","2009","all",27.595
"777","T5N155W","2010","all",26.9
"778","T5N155W","2011","all",26.63
"779","T5N155W","2012","all",26.82
"780","T5N155W","2013","all",27.045
"781","T5N155W","2014","all",27.35
"782","T5N155W","2015","all",27.93
"783","T5N165E","1988","all",28.01
"784","T5N165E","1989","all",27.835
"785","T5N165E","1990","all",27.83
"786","T5N165E","1991","all",27.29
"787","T5N165E","1992","all",27.8
"788","T5N165E","1993","all",27.77
"789","T5N165E","1994","all",28.03
"790","T5N165E","1995","all",28.11
"791","T5N165E","1996","all",28.15
"792","T5N165E","1997","all",28.08
"793","T5N165E","1998","all",28.13
"794","T5N165E","1999","all",28.33
"795","T5N165E","2000","all",28.13
"796","T5N165E","2001","all",28.16
"797","T5N165E","2002","all",28.055
"798","T5N165E","2003","all",28.35
"799","T5N165E","2004","all",28.41
"800","T5N165E","2005","all",28.36
"801","T5N165E","2006","all",28.2
"802","T5N165E","2007","all",28.39
"803","T5N165E","2008","all",27.865
"804","T5N165E","2009","all",28.23
"805","T5N165E","2010","all",28.19
"806","T5N165E","2011","all",27.975
"807","T5N165E","2012","all",28.1
"808","T5N165E","2013","all",28.3
"809","T5N165E","2014","all",28.55
"810","T5N165E","2015","all",28.26
"811","T5N170W","1992","all",27.7
"812","T5N170W","1993","all",27.99
"813","T5N170W","1994","all",28.11
"814","T5N170W","1995","all",27.87
"815","T5N170W","1996","all",27.55
"816","T5N170W","1997","all",27.97
"817","T5N170W","1998","all",27.71
"818","T5N170W","1999","all",27.47
"819","T5N170W","2000","all",27.16
"820","T5N170W","2001","all",27.69
"821","T5N170W","2002","all",28.2
"822","T5N170W","2003","all",28.36
"823","T5N170W","2004","all",28.19
"824","T5N170W","2005","all",28.08
"825","T5N170W","2006","all",27.96
"826","T5N170W","2007","all",27.58
"827","T5N170W","2008","all",27.17
"828","T5N170W","2009","all",27.83
"829","T5N170W","2010","all",27.085
"830","T5N170W","2011","all",27.4
"831","T5N170W","2012","all",27.51
"832","T5N170W","2013","all",27.83
"833","T5N170W","2014","all",28.18
"834","T5N170W","2015","all",28.275
"835","T5N180W","1993","all",27.87
"836","T5N180W","1994","all",27.96
"837","T5N180W","1995","all",27.91
"838","T5N180W","1996","all",27.83
"839","T5N180W","1997","all",28.09
"840","T5N180W","1998","all",27.87
"841","T5N180W","1999","all",27.47
"842","T5N180W","2000","all",27.47
"843","T5N180W","2001","all",27.83
"844","T5N180W","2002","all",27.83
"845","T5N180W","2003","all",27.81
"846","T5N180W","2004","all",28.28
"847","T5N180W","2005","all",28.29
"848","T5N180W","2006","all",27.755
"849","T5N180W","2007","all",27.975
"850","T5N180W","2008","all",27.4
"851","T5N180W","2009","all",28.1
"852","T5N180W","2010","all",27.9
"853","T5N180W","2011","all",27.62
"854","T5N180W","2012","all",27.815
"855","T5N180W","2013","all",28.03
"856","T5N180W","2014","all",28.545
"857","T5N180W","2015","all",28.345
"858","T5N95W","1994","all",25.93
"859","T5N95W","1995","all",25.81
"860","T5N95W","1996","all",25.29
"861","T5N95W","1997","all",27.51
"862","T5N95W","1998","all",27.06
"863","T5N95W","1999","all",25.56
"864","T5N95W","2000","all",26.11
"865","T5N95W","2001","all",26.51
"866","T5N95W","2002","all",26
"867","T5N95W","2003","all",25.96
"868","T5N95W","2004","all",26.53
"869","T5N95W","2005","all",25.95
"870","T5N95W","2006","all",25.58
"871","T5N95W","2007","all",25.245
"872","T5N95W","2008","all",25.85
"873","T5N95W","2009","all",26.32
"874","T5N95W","2010","all",26.1
"875","T5N95W","2011","all",25.86
"876","T5N95W","2012","all",26.74
"877","T5N95W","2013","all",27.16
"878","T5N95W","2014","all",26.07
"879","T5N95W","2015","all",27.02
"880","T5S110W","1986","all",24.245
"881","T5S110W","1987","all",26.345
"882","T5S110W","1988","all",25.005
"883","T5S110W","1989","all",23.94
"884","T5S110W","1990","all",23.77
"885","T5S110W","1991","all",25.27
"886","T5S110W","1992","all",25
"887","T5S110W","1993","all",25.41
"888","T5S110W","1994","all",24.93
"889","T5S110W","1995","all",25.91
"890","T5S110W","1996","all",23.21
"891","T5S110W","1997","all",26.35
"892","T5S110W","1998","all",27.36
"893","T5S110W","1999","all",24.05
"894","T5S110W","2000","all",23.83
"895","T5S110W","2001","all",24.31
"896","T5S110W","2002","all",24.66
"897","T5S110W","2003","all",24.68
"898","T5S110W","2004","all",24.355
"899","T5S110W","2005","all",25.35
"900","T5S110W","2006","all",25.09
"901","T5S110W","2007","all",25.67
"902","T5S110W","2008","all",24.01
"903","T5S110W","2009","all",24.93
"904","T5S110W","2010","all",24.35
"905","T5S110W","2011","all",23.43
"906","T5S110W","2012","all",25.41
"907","T5S110W","2014","all",24.865
"908","T5S110W","2015","all",26.04
"909","T5S125W","1991","all",26.38
"910","T5S125W","1992","all",26.74
"911","T5S125W","1993","all",26.26
"912","T5S125W","1994","all",25.87
"913","T5S125W","1995","all",25.98
"914","T5S125W","1996","all",25.62
"915","T5S125W","1997","all",27.48
"916","T5S125W","1998","all",26.675
"917","T5S125W","1999","all",25.11
"918","T5S125W","2000","all",24.88
"919","T5S125W","2001","all",25.34
"920","T5S125W","2002","all",25.92
"921","T5S125W","2003","all",26.12
"922","T5S125W","2004","all",25.9
"923","T5S125W","2005","all",26.04
"924","T5S125W","2006","all",25.96
"925","T5S125W","2007","all",26.01
"926","T5S125W","2008","all",25.5
"927","T5S125W","2009","all",26.08
"928","T5S125W","2010","all",25.98
"929","T5S125W","2011","all",24.92
"930","T5S125W","2012","all",25.65
"931","T5S125W","2013","all",25.28
"932","T5S125W","2014","all",25.525
"933","T5S125W","2015","all",26.86
"934","T5S140W","1990","all",26.7
"935","T5S140W","1991","all",26.95
"936","T5S140W","1992","all",27.175
"937","T5S140W","1993","all",26.925
"938","T5S140W","1994","all",26.96
"939","T5S140W","1995","all",27.16
"940","T5S140W","1996","all",26.63
"941","T5S140W","1997","all",27.78
"942","T5S140W","1998","all",27.09
"943","T5S140W","1999","all",25.99
"944","T5S140W","2000","all",26.25
"945","T5S140W","2001","all",26.43
"946","T5S140W","2002","all",27.02
"947","T5S140W","2003","all",26.93
"948","T5S140W","2004","all",27.02
"949","T5S140W","2005","all",26.81
"950","T5S140W","2006","all",26.81
"951","T5S140W","2007","all",26.92
"952","T5S140W","2008","all",26.38
"953","T5S140W","2009","all",27.19
"954","T5S140W","2010","all",26.76
"955","T5S140W","2011","all",26.54
"956","T5S140W","2012","all",26.86
"957","T5S140W","2013","all",26
"958","T5S140W","2014","all",26.5
"959","T5S140W","2015","all",27.495
"960","T5S155W","1991","all",28.05
"961","T5S155W","1992","all",27.97
"962","T5S155W","1993","all",28.14
"963","T5S155W","1994","all",27.99
"964","T5S155W","1995","all",26.99
"965","T5S155W","1996","all",27.23
"966","T5S155W","1997","all",28.35
"967","T5S155W","1998","all",27.41
"968","T5S155W","1999","all",26.97
"969","T5S155W","2000","all",27.05
"970","T5S155W","2001","all",27.99
"971","T5S155W","2002","all",28.32
"972","T5S155W","2003","all",27.73
"973","T5S155W","2004","all",27.99
"974","T5S155W","2005","all",27.84
"975","T5S155W","2006","all",27.39
"976","T5S155W","2007","all",27.09
"977","T5S155W","2008","all",27.3
"978","T5S155W","2009","all",28.1
"979","T5S155W","2010","all",27.54
"980","T5S155W","2011","all",27.08
"981","T5S155W","2012","all",27.68
"982","T5S155W","2013","all",27.23
"983","T5S155W","2014","all",27.85
"984","T5S155W","2015","all",28.15
"985","T5S165E","1987","all",28.005
"986","T5S165E","1988","all",28.29
"987","T5S165E","1989","all",28.31
"988","T5S165E","1990","all",27.69
"989","T5S165E","1991","all",28.46
"990","T5S165E","1992","all",27.47
"991","T5S165E","1993","all",28.22
"992","T5S165E","1994","all",28.73
"993","T5S165E","1995","all",28.57
"994","T5S165E","1996","all",28.81
"995","T5S165E","1998","all",28.01
"996","T5S165E","1999","all",28.35
"997","T5S165E","2000","all",28.58
"998","T5S165E","2001","all",28.83
"999","T5S165E","2002","all",28.61
"1000","T5S165E","2003","all",28.8
"1001","T5S165E","2004","all",28.795
"1002","T5S165E","2005","all",28.89
"1003","T5S165E","2006","all",28.675
"1004","T5S165E","2007","all",28.68
"1005","T5S165E","2008","all",28.405
"1006","T5S165E","2009","all",28.61
"1007","T5S165E","2010","all",28.61
"1008","T5S165E","2011","all",28.52
"1009","T5S165E","2012","all",28.43
"1010","T5S165E","2013","all",29.01
"1011","T5S165E","2014","all",28.835
"1012","T5S165E","2015","all",28.4
"1013","T5S170W","1992","all",28.44
"1014","T5S170W","1993","all",28.57
"1015","T5S170W","1994","all",28.57
"1016","T5S170W","1995","all",28.365
"1017","T5S170W","1996","all",27.96
"1018","T5S170W","1997","all",28.6
"1019","T5S170W","1998","all",27.79
"1020","T5S170W","1999","all",27.46
"1021","T5S170W","2000","all",27.84
"1022","T5S170W","2001","all",27.97
"1023","T5S170W","2002","all",29.06
"1024","T5S170W","2003","all",28.765
"1025","T5S170W","2004","all",28.79
"1026","T5S170W","2005","all",28.59
"1027","T5S170W","2006","all",28.63
"1028","T5S170W","2007","all",28.14
"1029","T5S170W","2008","all",27.48
"1030","T5S170W","2009","all",28.5
"1031","T5S170W","2010","all",28.645
"1032","T5S170W","2011","all",27.67
"1033","T5S170W","2012","all",28.12
"1034","T5S170W","2013","all",28.16
"1035","T5S170W","2014","all",28.64
"1036","T5S170W","2015","all",29.16
"1037","T5S180W","1993","all",28.62
"1038","T5S180W","1994","all",28.93
"1039","T5S180W","1995","all",28.55
"1040","T5S180W","1996","all",28.51
"1041","T5S180W","1997","all",28.63
"1042","T5S180W","1998","all",28.31
"1043","T5S180W","1999","all",27.93
"1044","T5S180W","2000","all",28.17
"1045","T5S180W","2001","all",28.86
"1046","T5S180W","2002","all",28.78
"1047","T5S180W","2003","all",28.95
"1048","T5S180W","2004","all",29.04
"1049","T5S180W","2005","all",29.355
"1050","T5S180W","2006","all",29.095
"1051","T5S180W","2007","all",28.73
"1052","T5S180W","2008","all",28.14
"1053","T5S180W","2009","all",28.71
"1054","T5S180W","2010","all",28.42
"1055","T5S180W","2011","all",28.04
"1056","T5S180W","2012","all",28.5
"1057","T5S180W","2013","all",28.83
"1058","T5S180W","2014","all",28.88
"1059","T5S180W","2015","all",29.07
"1060","T5S95W","1994","all",22.79
"1061","T5S95W","1995","all",22.94
"1062","T5S95W","1996","all",22.88
"1063","T5S95W","1997","all",26.01
"1064","T5S95W","1998","all",25.79
"1065","T5S95W","1999","all",23.655
"1066","T5S95W","2000","all",23.26
"1067","T5S95W","2001","all",25.055
"1068","T5S95W","2002","all",24.86
"1069","T5S95W","2003","all",24.28
"1070","T5S95W","2004","all",24.56
"1071","T5S95W","2005","all",23.2
"1072","T5S95W","2006","all",24.99
"1073","T5S95W","2007","all",24.765
"1074","T5S95W","2008","all",23.68
"1075","T5S95W","2009","all",24.395
"1076","T5S95W","2010","all",23.32
"1077","T5S95W","2011","all",24.1
"1078","T5S95W","2012","all",26.445
"1079","T5S95W","2014","all",23.32
"1080","T5S95W","2015","all",24.8
"1081","T7N132W","1988","all",24.87
"1082","T7N132W","1989","all",26.275
"1083","T7N132W","1990","all",26.98
"1084","T7N147W","1988","all",25.465
"1085","T7N147W","1989","all",26.77
"1086","T7N147W","1990","all",27.38
"1087","T8N110W","1991","all",26.92
"1088","T8N110W","1992","all",27.24
"1089","T8N110W","1993","all",26.99
"1090","T8N110W","1994","all",27.3
"1091","T8N110W","1995","all",26.63
"1092","T8N110W","1996","all",26.48
"1093","T8N110W","1997","all",27.43
"1094","T8N110W","1998","all",27.575
"1095","T8N110W","1999","all",26.37
"1096","T8N110W","2000","all",26.375
"1097","T8N110W","2001","all",26.635
"1098","T8N110W","2002","all",26.81
"1099","T8N110W","2003","all",26.835
"1100","T8N110W","2004","all",26.84
"1101","T8N110W","2005","all",26.74
"1102","T8N110W","2006","all",27.1
"1103","T8N110W","2007","all",26.71
"1104","T8N110W","2008","all",27.19
"1105","T8N110W","2009","all",27.07
"1106","T8N110W","2010","all",26.58
"1107","T8N110W","2011","all",26.425
"1108","T8N110W","2012","all",26.9
"1109","T8N110W","2013","all",26.72
"1110","T8N110W","2014","all",26.85
"1111","T8N110W","2015","all",27.69
"1112","T8N125W","1992","all",26.23
"1113","T8N125W","1993","all",27.01
"1114","T8N125W","1994","all",27.09
"1115","T8N125W","1995","all",26.87
"1116","T8N125W","1996","all",26.72
"1117","T8N125W","1997","all",27
"1118","T8N125W","1998","all",26.61
"1119","T8N125W","1999","all",25.33
"1120","T8N125W","2000","all",26.01
"1121","T8N125W","2001","all",26.515
"1122","T8N125W","2002","all",27.06
"1123","T8N125W","2003","all",26.895
"1124","T8N125W","2004","all",26.515
"1125","T8N125W","2005","all",26.11
"1126","T8N125W","2006","all",26.255
"1127","T8N125W","2007","all",26.29
"1128","T8N125W","2008","all",26.21
"1129","T8N125W","2009","all",26.93
"1130","T8N125W","2010","all",26.38
"1131","T8N125W","2011","all",25.96
"1132","T8N125W","2012","all",26.66
"1133","T8N125W","2013","all",26.59
"1134","T8N125W","2014","all",26.94
"1135","T8N125W","2015","all",27.61
"1136","T8N155W","1992","all",27.65
"1137","T8N155W","1993","all",27.64
"1138","T8N155W","1994","all",27.75
"1139","T8N155W","1995","all",27.4
"1140","T8N155W","1996","all",26.77
"1141","T8N155W","1997","all",27.33
"1142","T8N155W","1998","all",26.76
"1143","T8N155W","1999","all",26.23
"1144","T8N155W","2000","all",26.54
"1145","T8N155W","2001","all",26.82
"1146","T8N155W","2002","all",27.315
"1147","T8N155W","2003","all",27.28
"1148","T8N155W","2004","all",27.31
"1149","T8N155W","2005","all",27.36
"1150","T8N155W","2006","all",27.17
"1151","T8N155W","2007","all",26.85
"1152","T8N155W","2008","all",26.27
"1153","T8N155W","2009","all",27.26
"1154","T8N155W","2010","all",26.84
"1155","T8N155W","2011","all",26.565
"1156","T8N155W","2012","all",26.61
"1157","T8N155W","2013","all",27.235
"1158","T8N155W","2014","all",27.34
"1159","T8N165E","1989","all",28.14
"1160","T8N165E","1990","all",28.18
"1161","T8N165E","1991","all",28.02
"1162","T8N165E","1992","all",27.54
"1163","T8N165E","1993","all",27.62
"1164","T8N165E","1994","all",27.9
"1165","T8N165E","1995","all",27.765
"1166","T8N165E","1996","all",27.94
"1167","T8N165E","1997","all",28
"1168","T8N165E","1998","all",28.21
"1169","T8N165E","1999","all",28.295
"1170","T8N165E","2000","all",28.23
"1171","T8N165E","2001","all",28.21
"1172","T8N165E","2002","all",28.05
"1173","T8N165E","2003","all",28.12
"1174","T8N165E","2004","all",28.35
"1175","T8N165E","2005","all",28.185
"1176","T8N165E","2006","all",28.12
"1177","T8N165E","2007","all",28.36
"1178","T8N165E","2008","all",27.86
"1179","T8N165E","2009","all",28.1
"1180","T8N165E","2010","all",27.88
"1181","T8N165E","2011","all",28
"1182","T8N165E","2012","all",27.89
"1183","T8N165E","2013","all",28.51
"1184","T8N165E","2014","all",28.2
"1185","T8N165E","2015","all",28.21
"1186","T8N167E","1999","all",27.725
"1187","T8N168E","1999","all",28.04
"1188","T8N170W","1992","all",27.94
"1189","T8N170W","1993","all",27.63
"1190","T8N170W","1994","all",27.42
"1191","T8N170W","1995","all",27.74
"1192","T8N170W","1996","all",27.43
"1193","T8N170W","1997","all",27.93
"1194","T8N170W","1998","all",27.22
"1195","T8N170W","1999","all",26.85
"1196","T8N170W","2000","all",26.84
"1197","T8N170W","2001","all",27.76
"1198","T8N170W","2002","all",27.93
"1199","T8N170W","2003","all",27.29
"1200","T8N170W","2004","all",27.81
"1201","T8N170W","2005","all",27.525
"1202","T8N170W","2006","all",27.505
"1203","T8N170W","2007","all",27.52
"1204","T8N170W","2008","all",26.98
"1205","T8N170W","2009","all",27.69
"1206","T8N170W","2010","all",27.22
"1207","T8N170W","2011","all",27.165
"1208","T8N170W","2012","all",27.09
"1209","T8N170W","2014","all",27.82
"1210","T8N170W","2015","all",27.245
"1211","T8N180W","1993","all",27.84
"1212","T8N180W","1994","all",28.26
"1213","T8N180W","1995","all",26.71
"1214","T8N180W","1996","all",27.66
"1215","T8N180W","1997","all",28.12
"1216","T8N180W","1998","all",27.38
"1217","T8N180W","1999","all",27.21
"1218","T8N180W","2000","all",27.61
"1219","T8N180W","2001","all",27.61
"1220","T8N180W","2002","all",27.805
"1221","T8N180W","2003","all",28.17
"1222","T8N180W","2004","all",27.99
"1223","T8N180W","2005","all",27.915
"1224","T8N180W","2006","all",27.915
"1225","T8N180W","2007","all",27.67
"1226","T8N180W","2008","all",27.5
"1227","T8N180W","2009","all",27.97
"1228","T8N180W","2010","all",27.6
"1229","T8N180W","2011","all",27.62
"1230","T8N180W","2012","all",27.51
"1231","T8N180W","2014","all",28.17
"1232","T8N180W","2015","all",28.12
"1233","T8N95W","1994","all",26.61
"1234","T8N95W","1995","all",26.75
"1235","T8N95W","1996","all",26.46
"1236","T8N95W","1997","all",27.68
"1237","T8N95W","1998","all",28.37
"1238","T8N95W","1999","all",26.41
"1239","T8N95W","2000","all",26.595
"1240","T8N95W","2001","all",27.025
"1241","T8N95W","2002","all",27.42
"1242","T8N95W","2003","all",26.99
"1243","T8N95W","2004","all",26.74
"1244","T8N95W","2005","all",26.74
"1245","T8N95W","2006","all",26.96
"1246","T8N95W","2007","all",26.5
"1247","T8N95W","2008","all",26.69
"1248","T8N95W","2009","all",26.245
"1249","T8N95W","2010","all",26.145
"1250","T8N95W","2011","all",26.56
"1251","T8N95W","2012","all",27.31
"1252","T8N95W","2013","all",26.81
"1253","T8N95W","2014","all",27.14
"1254","T8N95W","2015","all",27.64
"1255","T8S110W","1986","all",24.36
"1256","T8S110W","1987","all",26.43
"1257","T8S110W","1992","all",24.5
"1258","T8S110W","1993","all",25.19
"1259","T8S110W","1994","all",25
"1260","T8S110W","1995","all",24.85
"1261","T8S110W","1996","all",25.03
"1262","T8S110W","1997","all",26.005
"1263","T8S110W","1998","all",26.56
"1264","T8S110W","1999","all",24.32
"1265","T8S110W","2000","all",24.12
"1266","T8S110W","2001","all",24.44
"1267","T8S110W","2002","all",24.68
"1268","T8S110W","2003","all",24.59
"1269","T8S110W","2004","all",25.71
"1270","T8S110W","2005","all",25.06
"1271","T8S110W","2006","all",25.3
"1272","T8S110W","2007","all",26.29
"1273","T8S110W","2008","all",24.285
"1274","T8S110W","2009","all",25.14
"1275","T8S110W","2010","all",24.94
"1276","T8S110W","2011","all",25.23
"1277","T8S110W","2012","all",24.935
"1278","T8S110W","2013","all",24.3
"1279","T8S110W","2014","all",25.3
"1280","T8S110W","2015","all",25.27
"1281","T8S125W","1993","all",26.25
"1282","T8S125W","1994","all",26.06
"1283","T8S125W","1995","all",26.49
"1284","T8S125W","1996","all",26.02
"1285","T8S125W","1997","all",26.78
"1286","T8S125W","1998","all",26.98
"1287","T8S125W","1999","all",24.92
"1288","T8S125W","2000","all",25.39
"1289","T8S125W","2001","all",25.88
"1290","T8S125W","2002","all",25.82
"1291","T8S125W","2003","all",26.26
"1292","T8S125W","2004","all",26.485
"1293","T8S125W","2005","all",26.57
"1294","T8S125W","2006","all",26.27
"1295","T8S125W","2007","all",26.315
"1296","T8S125W","2008","all",25.67
"1297","T8S125W","2009","all",26.52
"1298","T8S125W","2010","all",26.11
"1299","T8S125W","2011","all",25.46
"1300","T8S125W","2012","all",26.36
"1301","T8S125W","2014","all",25.69
"1302","T8S125W","2015","all",26.67
"1303","T8S155W","1992","all",27.3
"1304","T8S155W","1993","all",28.2
"1305","T8S155W","1994","all",28.29
"1306","T8S155W","1995","all",28.06
"1307","T8S155W","1996","all",27.76
"1308","T8S155W","1997","all",28.44
"1309","T8S155W","1998","all",28.01
"1310","T8S155W","1999","all",27.25
"1311","T8S155W","2000","all",27.24
"1312","T8S155W","2001","all",27.89
"1313","T8S155W","2002","all",28.28
"1314","T8S155W","2003","all",28.36
"1315","T8S155W","2004","all",28.26
"1316","T8S155W","2005","all",28.67
"1317","T8S155W","2006","all",28.18
"1318","T8S155W","2007","all",28.38
"1319","T8S155W","2008","all",27.61
"1320","T8S155W","2009","all",28.22
"1321","T8S155W","2010","all",28.21
"1322","T8S155W","2011","all",27.33
"1323","T8S155W","2012","all",28.105
"1324","T8S155W","2013","all",27.91
"1325","T8S155W","2014","all",28.155
"1326","T8S155W","2015","all",28.35
"1327","T8S165E","1992","all",28
"1328","T8S165E","1993","all",27.95
"1329","T8S165E","1994","all",28.23
"1330","T8S165E","1995","all",28.56
"1331","T8S165E","1996","all",28.45
"1332","T8S165E","1997","all",28.16
"1333","T8S165E","1998","all",28.13
"1334","T8S165E","1999","all",28.305
"1335","T8S165E","2000","all",28.475
"1336","T8S165E","2001","all",28.67
"1337","T8S165E","2002","all",28.95
"1338","T8S165E","2003","all",28.94
"1339","T8S165E","2004","all",28.71
"1340","T8S165E","2005","all",28.61
"1341","T8S165E","2006","all",28.47
"1342","T8S165E","2007","all",28.59
"1343","T8S165E","2008","all",28.19
"1344","T8S165E","2009","all",28.405
"1345","T8S165E","2010","all",28.505
"1346","T8S165E","2011","all",28.62
"1347","T8S165E","2012","all",28.275
"1348","T8S165E","2013","all",28.38
"1349","T8S165E","2014","all",28.53
"1350","T8S165E","2015","all",28.325
"1351","T8S170W","1992","all",28.51
"1352","T8S170W","1993","all",28.51
"1353","T8S170W","1994","all",28.77
"1354","T8S170W","1995","all",28.51
"1355","T8S170W","1996","all",28.41
"1356","T8S170W","1997","all",28.36
"1357","T8S170W","1998","all",28.05
"1358","T8S170W","1999","all",27.88
"1359","T8S170W","2000","all",27.99
"1360","T8S170W","2001","all",28.42
"1361","T8S170W","2002","all",28.91
"1362","T8S170W","2003","all",28.83
"1363","T8S170W","2004","all",28.83
"1364","T8S170W","2005","all",28.71
"1365","T8S170W","2006","all",28.73
"1366","T8S170W","2007","all",28.53
"1367","T8S170W","2008","all",28.06
"1368","T8S170W","2009","all",28.535
"1369","T8S170W","2010","all",28.37
"1370","T8S170W","2011","all",27.96
"1371","T8S170W","2012","all",28.18
"1372","T8S170W","2013","all",28.03
"1373","T8S170W","2014","all",28.31
"1374","T8S170W","2015","all",29.11
"1375","T8S180W","1993","all",28.92
"1376","T8S180W","1994","all",28.84
"1377","T8S180W","1995","all",28.96
"1378","T8S180W","1996","all",28.37
"1379","T8S180W","1997","all",28.46
"1380","T8S180W","1998","all",28.05
"1381","T8S180W","1999","all",28.33
"1382","T8S180W","2000","all",28.13
"1383","T8S180W","2001","all",29.08
"1384","T8S180W","2002","all",28.95
"1385","T8S180W","2003","all",28.87
"1386","T8S180W","2004","all",28.72
"1387","T8S180W","2005","all",28.87
"1388","T8S180W","2006","all",28.72
"1389","T8S180W","2007","all",28.7
"1390","T8S180W","2008","all",28.2
"1391","T8S180W","2009","all",28.74
"1392","T8S180W","2010","all",28.52
"1393","T8S180W","2011","all",28.17
"1394","T8S180W","2012","all",28.345
"1395","T8S180W","2013","all",28.48
"1396","T8S180W","2014","all",28.525
"1397","T8S180W","2015","all",28.9
"1398","T8S95W","1994","all",21.36
"1399","T8S95W","1995","all",23.14
"1400","T8S95W","1996","all",23.13
"1401","T8S95W","1997","all",25.495
"1402","T8S95W","1999","all",22.3
"1403","T8S95W","2000","all",22.96
"1404","T8S95W","2001","all",24.53
"1405","T8S95W","2002","all",23.34
"1406","T8S95W","2003","all",25.27
"1407","T8S95W","2004","all",23.115
"1408","T8S95W","2005","all",23.8
"1409","T8S95W","2006","all",23.6
"1410","T8S95W","2007","all",21.13
"1411","T8S95W","2008","all",23.095
"1412","T8S95W","2009","all",23.65
"1413","T8S95W","2010","all",23.08
"1414","T8S95W","2011","all",23.745
"1415","T8S95W","2012","all",23.49
"1416","T8S95W","2013","all",23.71
"1417","T8S95W","2014","all",22.68
"1418","T8S95W","2015","all",24.145
"1419","T9N140W","1988","all",26.105
"1420","T9N140W","1989","all",25.32
"1421","T9N140W","1990","all",26.21
"1422","T9N140W","1991","all",26.8
"1423","T9N140W","1992","all",26.69
"1424","T9N140W","1993","all",26.95
"1425","T9N140W","1994","all",27.19
"1426","T9N140W","1995","all",26.6
"1427","T9N140W","1996","all",26.28
"1428","T9N140W","1997","all",26.95
"1429","T9N140W","1998","all",26.155
"1430","T9N140W","1999","all",25.62
"1431","T9N140W","2000","all",26.11
"1432","T9N140W","2001","all",26.005
"1433","T9N140W","2002","all",26.585
"1434","T9N140W","2003","all",27.47
"1435","T9N140W","2004","all",27.31
"1436","T9N140W","2005","all",26.64
"1437","T9N140W","2006","all",26.59
"1438","T9N140W","2007","all",26.17
"1439","T9N140W","2008","all",25.395
"1440","T9N140W","2009","all",26.68
"1441","T9N140W","2010","all",26.4
"1442","T9N140W","2011","all",25.65
"1443","T9N140W","2012","all",25.765
"1444","T9N140W","2014","all",26.87
"1445","T9N140W","2015","all",27.31
"1446","TR0N138E","1999","all",28.56
"1447","TR0N147E","1999","all",28.32
"1448","TR0N147E","2000","all",28.25
"1449","TR0N147E","2001","all",28.505
"1450","TR0N147E","2002","all",28.58
"1451","TR0N147E","2003","all",28.425
"1452","TR0N147E","2005","all",28.38
"1453","TR0N147E","2006","all",28.605
"1454","TR0N147E","2007","all",28.7
"1455","TR0N147E","2008","all",28.44
"1456","TR0N147E","2009","all",28.595
"1457","TR0N147E","2010","all",28.74
"1458","TR0N147E","2011","all",29.12
"1459","TR0N147E","2012","all",28.345
"1460","TR0N147E","2013","all",28.46
"1461","TR0N147E","2014","all",28.585
"1462","TR0N147E","2015","all",28.59
"1463","TR0N156E","1998","all",28.2
"1464","TR0N156E","1999","all",28.41
"1465","TR0N156E","2000","all",28.54
"1466","TR0N156E","2001","all",28.64
"1467","TR0N156E","2002","all",28.5
"1468","TR0N156E","2003","all",28.56
"1469","TR0N156E","2004","all",28.565
"1470","TR0N156E","2005","all",28.225
"1471","TR0N156E","2006","all",28.42
"1472","TR0N156E","2007","all",28.88
"1473","TR0N156E","2008","all",28.3
"1474","TR0N156E","2009","all",28.53
"1475","TR0N156E","2010","all",28.47
"1476","TR0N156E","2011","all",28.4
"1477","TR0N156E","2012","all",28.29
"1478","TR0N156E","2013","all",28.7
"1479","TR0N156E","2014","all",28.66
"1480","TR0N156E","2015","all",28.53
"1481","TR2N138E","1999","all",28.675
"1482","TR2N138E","2000","all",28.77
"1483","TR2N138E","2001","all",28.465
"1484","TR2N138E","2002","all",28.44
"1485","TR2N138E","2003","all",28.31
"1486","TR2N138E","2004","all",28.59
"1487","TR2N138E","2005","all",28.29
"1488","TR2N138E","2006","all",28.385
"1489","TR2N138E","2007","all",28.37
"1490","TR2N138E","2008","all",28.41
"1491","TR2N138E","2009","all",28.54
"1492","TR2N138E","2010","all",28.93
"1493","TR2N138E","2011","all",28.48
"1494","TR2N138E","2012","all",28.57
"1495","TR2N138E","2013","all",28.6
"1496","TR2N138E","2015","all",28.27
"1497","TR2N147E","1999","all",28.29
"1498","TR2N147E","2001","all",28.39
"1499","TR2N147E","2002","all",28.36
"1500","TR2N147E","2003","all",28.38
"1501","TR2N147E","2004","all",28.475
"1502","TR2N147E","2005","all",28.3
"1503","TR2N147E","2006","all",28.33
"1504","TR2N147E","2007","all",28.53
"1505","TR2N147E","2008","all",28.345
"1506","TR2N147E","2009","all",28.455
"1507","TR2N147E","2010","all",28.65
"1508","TR2N147E","2011","all",28.48
"1509","TR2N147E","2012","all",28.185
"1510","TR2N147E","2014","all",28.57
"1511","TR2N147E","2015","all",28.575
"1512","TR2N156E","1998","all",28.135
"1513","TR2N156E","1999","all",28.16
"1514","TR2N156E","2000","all",28.26
"1515","TR2N156E","2001","all",28.5
"1516","TR2N156E","2002","all",28.36
"1517","TR2N156E","2003","all",28.18
"1518","TR2N156E","2004","all",28.315
"1519","TR2N156E","2005","all",28.4
"1520","TR2N156E","2006","all",28.27
"1521","TR2N156E","2007","all",28.55
"1522","TR2N156E","2008","all",28.42
"1523","TR2N156E","2009","all",28.375
"1524","TR2N156E","2010","all",28.59
"1525","TR2N156E","2011","all",28.23
"1526","TR2N156E","2012","all",28.66
"1527","TR2N156E","2013","all",28.65
"1528","TR2N156E","2014","all",28.6
"1529","TR2N156E","2015","all",28.43
"1530","TR2S156E","1999","all",28.35
"1531","TR2S156E","2000","all",28.52
"1532","TR2S156E","2001","all",28.47
"1533","TR2S156E","2002","all",28.25
"1534","TR2S156E","2003","all",28.04
"1535","TR2S156E","2004","all",28.33
"1536","TR2S156E","2005","all",28.41
"1537","TR2S156E","2006","all",28.45
"1538","TR2S156E","2007","all",28.76
"1539","TR2S156E","2008","all",28.49
"1540","TR2S156E","2009","all",28.58
"1541","TR2S156E","2010","all",28.485
"1542","TR2S156E","2011","all",28.83
"1543","TR2S156E","2012","all",28.47
"1544","TR2S156E","2013","all",28.81
"1545","TR2S156E","2014","all",28.67
"1546","TR2S156E","2015","all",28.56
"1547","TR5N137E","2001","all",28.46
"1548","TR5N137E","2002","all",28.39
"1549","TR5N137E","2003","all",28.04
"1550","TR5N137E","2004","all",28.17
"1551","TR5N137E","2005","all",28.15
"1552","TR5N137E","2006","all",28.35
"1553","TR5N137E","2007","all",28.19
"1554","TR5N137E","2008","all",28.175
"1555","TR5N137E","2009","all",28.39
"1556","TR5N137E","2010","all",28.62
"1557","TR5N137E","2011","all",28.245
"1558","TR5N137E","2012","all",28.4
"1559","TR5N137E","2013","all",28.36
"1560","TR5N137E","2014","all",28.14
"1561","TR5N137E","2015","all",28.32
"1562","TR5N147E","1999","all",28.225
"1563","TR5N147E","2000","all",28.2
"1564","TR5N147E","2001","all",28.35
"1565","TR5N147E","2002","all",28.45
"1566","TR5N147E","2003","all",28.29
"1567","TR5N147E","2004","all",28.32
"1568","TR5N147E","2005","all",28.17
"1569","TR5N147E","2006","all",28.33
"1570","TR5N147E","2007","all",28.66
"1571","TR5N147E","2008","all",28.205
"1572","TR5N147E","2009","all",28.3
"1573","TR5N147E","2010","all",28.14
"1574","TR5N147E","2011","all",28.24
"1575","TR5N147E","2012","all",28.27
"1576","TR5N147E","2013","all",28.35
"1577","TR5N156E","1998","all",28.28
"1578","TR5N156E","1999","all",27.965
"1579","TR5N156E","2000","all",28.14
"1580","TR5N156E","2001","all",28.3
"1581","TR5N156E","2002","all",28.09
"1582","TR5N156E","2003","all",28.195
"1583","TR5N156E","2004","all",28.325
"1584","TR5N156E","2005","all",28.32
"1585","TR5N156E","2006","all",28.32
"1586","TR5N156E","2007","all",28.365
"1587","TR5N156E","2008","all",28.22
"1588","TR5N156E","2009","all",28.44
"1589","TR5N156E","2010","all",28.44
"1590","TR5N156E","2011","all",28.03
"1591","TR5N156E","2012","all",28.5
"1592","TR5N156E","2013","all",28.39
"1593","TR5N156E","2014","all",28.6
"1594","TR5N156E","2015","all",28.99
"1595","TR5S156E","1999","all",28.29
"1596","TR5S156E","2000","all",28.57
"1597","TR5S156E","2001","all",28.53
"1598","TR5S156E","2002","all",28.35
"1599","TR5S156E","2003","all",28.61
"1600","TR5S156E","2004","all",28.31
"1601","TR5S156E","2005","all",28.52
"1602","TR5S156E","2006","all",28.45
"1603","TR5S156E","2007","all",28.65
"1604","TR5S156E","2008","all",28.385
"1605","TR5S156E","2009","all",28.6
"1606","TR5S156E","2010","all",28.25
"1607","TR5S156E","2011","all",28.66
"1608","TR5S156E","2012","all",28.385
"1609","TR5S156E","2013","all",28.61
"1610","TR5S156E","2014","all",28.61
"1611","TR8N130E","2008","all",28.26
"1612","TR8N130E","2009","all",28.38
"1613","TR8N130E","2010","all",28.51
"1614","TR8N130E","2011","all",28.375
"1615","TR8N130E","2012","all",28.36
"1616","TR8N137E","2001","all",28.605
"1617","TR8N137E","2002","all",28.18
"1618","TR8N137E","2003","all",28.08
"1619","TR8N137E","2004","all",28.13
"1620","TR8N137E","2005","all",28.07
"1621","TR8N137E","2006","all",28.2
"1622","TR8N137E","2007","all",28.175
"1623","TR8N137E","2008","all",28.345
"1624","TR8N137E","2009","all",28.35
"1625","TR8N137E","2010","all",28.54
"1626","TR8N137E","2011","all",28.38
"1627","TR8N137E","2012","all",28.38
"1628","TR8N137E","2013","all",28.24
"1629","TR8N137E","2015","all",28.215
"1630","TR8N156E","1998","all",28.18
"1631","TR8N156E","1999","all",28.06
"1632","TR8N156E","2000","all",28.28
"1633","TR8N156E","2001","all",28.29
"1634","TR8N156E","2002","all",28.11
"1635","TR8N156E","2003","all",28.075
"1636","TR8N156E","2004","all",28.28
"1637","TR8N156E","2005","all",28.26
"1638","TR8N156E","2006","all",28.28
"1639","TR8N156E","2007","all",28.38
"1640","TR8N156E","2008","all",28.105
"1641","TR8N156E","2009","all",28.21
"1642","TR8N156E","2010","all",28.16
"1643","TR8N156E","2011","all",28.38
"1644","TR8N156E","2012","all",28.43
"1645","TR8N156E","2013","all",28.37
"1646","TR8N156E","2014","all",28.31
